Receipt No.,Date,Time,Withdrawn
SHO04T2YFQ,2024-08-24,12:38:01,190.0
SIC6E0LWZO,2024-09-12,21:14:19,150.0
SFO9JB86XR,2024-06-24,20:31:32,140.0
SLK066PFEE,2024-12-20,12:34:45,100.0
SLF6M0P1HQ,2024-12-15,21:37:20,100.0
SGG7W5KFFF,2024-07-16,21:11:24,100.0
SKS7HUP50Z,2024-11-28,21:36:08,100.0
SKM5QXWMZH,2024-11-22,19:22:36,100.0
SJS3QY59Y5,2024-10-28,21:10:50,100.0
SJC8UYTSC0,2024-10-12,19:26:00,100.0
SII839NYDQ,2024-09-18,21:56:00,100.0
SHV5Z11QAR,2024-08-31,20:28:42,95.0
SKI9AWAX5J,2024-11-18,21:15:19,90.0
SL90RW7IFQ,2024-12-09,09:05:28,80.0
SLN8JNBC26,2024-12-23,14:55:51,80.0
SL48871LMO,2024-12-04,18:53:03,70.0
SJK5SJI3AH,2024-10-20,20:03:20,50.0
SJG0CJG846,2024-10-16,21:00:56,50.0
SGA294FJ1Y,2024-07-10,19:16:32,50.0
SGD3JZ54MN,2024-07-13,16:54:20,50.0
SGF4QRXNAU,2024-07-15,14:27:21,50.0
SHK0PEG0FK,2024-08-20,17:05:35,50.0
SKQ28DQJKQ,2024-11-26,19:10:44,50.0
SHL7TVC4RT,2024-08-21,19:20:08,50.0
SKB3EHM3ON,2024-11-11,12:36:20,50.0
SK916FCFO9,2024-11-09,13:33:24,50.0
SK65S8FQXF,2024-11-06,13:33:43,50.0
SJM0ZQ625Q,2024-10-22,17:57:30,50.0
SHT0Q294WM,2024-08-29,18:39:47,50.0
SJI3K2AHN1,2024-10-18,18:55:32,50.0
SID9GXLVXF,2024-09-13,17:46:25,50.0
SHO261YRZE,2024-08-24,17:46:00,50.0
SIB48E3AU4,2024-09-11,16:04:16,50.0
SHV7X4V3A1,2024-08-31,13:58:18,50.0
SI285YCG92,2024-09-02,13:09:57,50.0
SI45FOAD9T,2024-09-04,18:56:13,50.0
SI66NVHW5S,2024-09-06,18:49:34,50.0
SI68MK5PM4,2024-09-06,13:54:46,50.0
SI69NQ380J,2024-09-06,18:24:05,50.0
SI72SK33ZS,2024-09-07,20:10:37,50.0
SHQ0DTRRCM,2024-08-26,18:10:37,50.0
SG32GDSE5Q,2024-07-03,16:42:04,50.0
SHO54QZFWD,2024-08-24,12:22:31,50.0
SIQ0Z0K60E,2024-09-26,21:56:25,50.0
SHL2SSFKGU,2024-08-21,15:22:33,40.0
SHN8ZNVWVG,2024-08-23,11:53:33,40.0
SHV3Y9E2RH,2024-08-31,18:18:49,40.0
SKF9X0HF1X,2024-11-15,19:12:10,30.0
SKR8CD3HI0,2024-11-27,18:21:28,30.0
SK196S1M4X,2024-11-01,13:24:58,30.0
SLA9YPL6MB,2024-12-10,18:47:58,30.0
SJB5QIQBOP,2024-10-11,18:36:42,25.0
